Job Title,In-Demand Skills,Hot Technologies
Actuaries,No data,No data
Bioinformatics Technicians,No data,No data
Biostatisticians,No data,No data
Blockchain Engineers,No data,No data
Business Intelligence Analysts,No data,No data
Clinical Data Managers,No data,No data
Computer and Information Research Scientists,No data,No data
Computer Network Architects,No data,No data
Computer Network Support Specialists,No data,No data
"Computer Occupations, All Other",No data,No data
Computer Programmers,No data,No data
Computer Systems Analysts,No data,No data
Computer Systems Engineers/Architects,No data,No data
Computer User Support Specialists,No data,No data
Data Scientists,No data,No data
Data Warehousing Specialists,No data,No data
Database Administrators,No data,No data
Database Architects,No data,No data
Digital Forensics Analysts,No data,No data
Document Management Specialists,No data,No data
Geographic Information Systems Technologists and Technicians,No data,No data
Health Informatics Specialists,No data,No data
Information Security Analysts,No data,No data
Information Security Engineers,No data,No data
Information Technology Project Managers,No data,No data
"Mathematical Science Occupations, All Other",No data,No data
Mathematicians,No data,No data
Network and Computer Systems Administrators,No data,No data
Operations Research Analysts,No data,No data
Penetration Testers,No data,No data
Software Developers,No data,No data
Software Quality Assurance Analysts and Testers,No data,No data
Statisticians,No data,No data
Telecommunications Engineering Specialists,No data,No data
Video Game Designers,No data,No data
Web Administrators,No data,No data
Web and Digital Interface Designers,No data,No data
Web Developers,No data,No data
